{"cameraMode":{"drawMode":0,"name":"Shaded","section":"Shading Mode"},"sceneLighting":true,"audioPlay":false,"sceneViewState":{"showFog":true,"showMaterialUpdate":false,"showSkybox":true,"showFlares":true,"showImageEffects":true,"showParticleSystems":true},"in2DMode":false,"pivot":{"x":2.9437713623046877,"y":-8.209930419921875,"z":-4.4384765625},"rotation":{"x":0.010189260356128216,"y":0.014095667749643326,"z":0.00015095513663254678,"w":-0.9998647570610046},"size":3.9583706855773927,"orthographic":true}