{"cameraMode":{"drawMode":0,"name":"Shaded","section":"Shading Mode"},"sceneLighting":true,"audioPlay":false,"sceneViewState":{"showFog":true,"showMaterialUpdate":false,"showSkybox":true,"showFlares":true,"showImageEffects":true,"showParticleSystems":true},"in2DMode":false,"pivot":{"x":12.841586112976075,"y":1.5556144714355469,"z":8.720215797424317},"rotation":{"x":-0.6248025894165039,"y":-0.07184619456529618,"z":0.05789877474308014,"w":-0.7753142714500427},"size":44.88836669921875,"orthographic":false}