{"cameraMode":{"drawMode":0,"name":"Shaded","section":"Shading Mode"},"sceneLighting":true,"audioPlay":false,"sceneViewState":{"showFog":true,"showMaterialUpdate":false,"showSkybox":true,"showFlares":true,"showImageEffects":true,"showParticleSystems":true},"in2DMode":false,"pivot":{"x":0.25625720620155337,"y":-8.969051361083985,"z":5.295963287353516},"rotation":{"x":-0.08122164011001587,"y":0.0020906352438032629,"z":-0.0001597631344338879,"w":-0.9967165589332581},"size":48.5535774230957,"orthographic":false}