{"cameraMode":{"drawMode":0,"name":"Shaded","section":"Shading Mode"},"sceneLighting":true,"audioPlay":false,"sceneViewState":{"showFog":true,"showMaterialUpdate":false,"showSkybox":true,"showFlares":true,"showImageEffects":true,"showParticleSystems":true},"in2DMode":false,"pivot":{"x":537.0685424804688,"y":104.90596771240235,"z":1.0273551940917969},"rotation":{"x":-0.057278577238321307,"y":-0.00539427949115634,"z":0.00031853283871896565,"w":-0.9983660578727722},"size":167.47154235839845,"orthographic":false}