{"cameraMode":{"drawMode":0,"name":"Shaded","section":"Shading Mode"},"sceneLighting":true,"audioPlay":false,"sceneViewState":{"showFog":true,"showMaterialUpdate":false,"showSkybox":true,"showFlares":true,"showImageEffects":true,"showParticleSystems":true},"in2DMode":false,"pivot":{"x":-4.6665143966674809,"y":5.415627479553223,"z":1.3082685470581055},"rotation":{"x":-0.0033097201958298685,"y":0.0005969545454718173,"z":9.520176149635518e-7,"w":-1.0000050067901612},"size":16.022069931030275,"orthographic":false}