{"cameraMode":{"drawMode":0,"name":"Shaded","section":"Shading Mode"},"sceneLighting":true,"audioPlay":false,"sceneViewState":{"showFog":true,"showMaterialUpdate":false,"showSkybox":true,"showFlares":true,"showImageEffects":true,"showParticleSystems":true},"in2DMode":false,"pivot":{"x":9.299999237060547,"y":-5.269599437713623,"z":-10.0},"rotation":{"x":-0.04920017719268799,"y":-0.1531096249818802,"z":0.007641626987606287,"w":-0.9869769215583801},"size":6.532719135284424,"orthographic":false}