{"cameraMode":{"drawMode":0,"name":"Shaded","section":"Shading Mode"},"sceneLighting":true,"audioPlay":false,"sceneViewState":{"showFog":true,"showMaterialUpdate":false,"showSkybox":true,"showFlares":true,"showImageEffects":true,"showParticleSystems":true},"in2DMode":false,"pivot":{"x":643.3529663085938,"y":246.40077209472657,"z":520.0814208984375},"rotation":{"x":-0.02129151113331318,"y":-0.03988400101661682,"z":0.0008507415186613798,"w":-0.998982310295105},"size":1160.540771484375,"orthographic":false}