{"cameraMode":{"drawMode":0,"name":"Shaded","section":"Shading Mode"},"sceneLighting":true,"audioPlay":false,"sceneViewState":{"showFog":true,"showMaterialUpdate":false,"showSkybox":true,"showFlares":true,"showImageEffects":true,"showParticleSystems":true},"in2DMode":false,"pivot":{"x":1002.3361206054688,"y":165.99282836914063,"z":-15.5352783203125},"rotation":{"x":-0.16451366245746613,"y":-0.023082129657268525,"z":0.0038516742642968895,"w":-0.9861014485359192},"size":1052.9779052734375,"orthographic":false}