{"cameraMode":{"drawMode":0,"name":"Shaded","section":"Shading Mode"},"sceneLighting":true,"audioPlay":false,"sceneViewState":{"showFog":true,"showMaterialUpdate":false,"showSkybox":true,"showFlares":true,"showImageEffects":true,"showParticleSystems":true},"in2DMode":false,"pivot":{"x":782.59716796875,"y":237.6915283203125,"z":0.0},"rotation":{"x":-0.03779551014304161,"y":-0.017390312626957895,"z":0.0006668468122370541,"w":-0.9991564750671387},"size":1160.490966796875,"orthographic":false}