{"cameraMode":{"drawMode":0,"name":"Shaded","section":"Shading Mode"},"sceneLighting":true,"audioPlay":false,"sceneViewState":{"showFog":true,"showMaterialUpdate":false,"showSkybox":true,"showFlares":true,"showImageEffects":true,"showParticleSystems":true},"in2DMode":false,"pivot":{"x":22.625999450683595,"y":7.317999839782715,"z":5.0},"rotation":{"x":-0.043796490877866748,"y":0.0005964626325294375,"z":-0.000016954600141616538,"w":-0.9990631341934204},"size":10.196428298950196,"orthographic":false}