{"cameraMode":{"drawMode":0,"name":"Shaded","section":"Shading Mode"},"sceneLighting":true,"audioPlay":false,"sceneViewState":{"showFog":true,"showMaterialUpdate":false,"showSkybox":true,"showFlares":true,"showImageEffects":true,"showParticleSystems":true},"in2DMode":false,"pivot":{"x":-3.0491719245910646,"y":2.3837220668792726,"z":-2.5851516723632814},"rotation":{"x":-0.031804315745830539,"y":0.006593846715986729,"z":-0.00019899870676454157,"w":-0.9994949698448181},"size":52.257080078125,"orthographic":false}