{"cameraMode":{"drawMode":0,"name":"Shaded","section":"Shading Mode"},"sceneLighting":true,"audioPlay":false,"sceneViewState":{"showFog":true,"showMaterialUpdate":false,"showSkybox":true,"showFlares":true,"showImageEffects":true,"showParticleSystems":true},"in2DMode":false,"pivot":{"x":4.8084211349487309,"y":4.839422702789307,"z":-13.470745086669922},"rotation":{"x":-0.028327571228146554,"y":-0.18131981790065766,"z":0.005228040274232626,"w":-0.9830122590065002},"size":31.020305633544923,"orthographic":false}