{"cameraMode":{"drawMode":0,"name":"Shaded","section":"Shading Mode"},"sceneLighting":true,"audioPlay":false,"sceneViewState":{"showFog":true,"showMaterialUpdate":false,"showSkybox":true,"showFlares":true,"showImageEffects":true,"showParticleSystems":true},"in2DMode":false,"pivot":{"x":22.565553665161134,"y":7.715550899505615,"z":-12.272363662719727},"rotation":{"x":0.02968309074640274,"y":-0.015896182507276536,"z":-0.0004635316436178982,"w":-0.9994540214538574},"size":1.4663498401641846,"orthographic":false}