{"cameraMode":{"drawMode":0,"name":"Shaded","section":"Shading Mode"},"sceneLighting":true,"audioPlay":false,"sceneViewState":{"showFog":true,"showMaterialUpdate":false,"showSkybox":true,"showFlares":true,"showImageEffects":true,"showParticleSystems":true},"in2DMode":false,"pivot":{"x":733.9489135742188,"y":402.8063659667969,"z":-312.20220947265627},"rotation":{"x":-0.04229758679866791,"y":-0.0024007365573197605,"z":0.00010618734086165205,"w":-0.9991177320480347},"size":2184.418701171875,"orthographic":false}