{"cameraMode":{"drawMode":0,"name":"Shaded","section":"Shading Mode"},"sceneLighting":true,"audioPlay":false,"sceneViewState":{"showFog":true,"showMaterialUpdate":false,"showSkybox":true,"showFlares":true,"showImageEffects":true,"showParticleSystems":true},"in2DMode":false,"pivot":{"x":444.4312438964844,"y":109.33438873291016,"z":-21.18670654296875},"rotation":{"x":-0.08122164011001587,"y":0.0020906352438032629,"z":-0.0001597631344338879,"w":-0.9967165589332581},"size":498.83685302734377,"orthographic":false}