{"cameraMode":{"drawMode":0,"name":"Shaded","section":"Shading Mode"},"sceneLighting":true,"audioPlay":false,"sceneViewState":{"showFog":true,"showMaterialUpdate":false,"showSkybox":true,"showFlares":true,"showImageEffects":true,"showParticleSystems":true},"in2DMode":false,"pivot":{"x":7.105486869812012,"y":4.431208610534668,"z":-1.5098304748535157},"rotation":{"x":-0.02580668404698372,"y":-0.005401173140853643,"z":0.00014320948685053736,"w":-0.9996632933616638},"size":452.04962158203127,"orthographic":false}