{"cameraMode":{"drawMode":0,"name":"Shaded","section":"Shading Mode"},"sceneLighting":true,"audioPlay":false,"sceneViewState":{"showFog":true,"showMaterialUpdate":false,"showSkybox":true,"showFlares":true,"showImageEffects":true,"showParticleSystems":true},"in2DMode":false,"pivot":{"x":555.379150390625,"y":345.29681396484377,"z":41.92767333984375},"rotation":{"x":-0.04229758679866791,"y":-0.0024007365573197605,"z":0.00010618734086165205,"w":-0.9991177320480347},"size":629.2885131835938,"orthographic":false}