{"cameraMode":{"drawMode":0,"name":"Shaded","section":"Shading Mode"},"sceneLighting":true,"audioPlay":false,"sceneViewState":{"showFog":true,"showMaterialUpdate":false,"showSkybox":true,"showFlares":true,"showImageEffects":true,"showParticleSystems":true},"in2DMode":false,"pivot":{"x":656.5342407226563,"y":220.70095825195313,"z":-7.38177490234375},"rotation":{"x":-0.06925041228532791,"y":-0.011375431902706623,"z":0.000792382110375911,"w":-0.9975414276123047},"size":705.9351806640625,"orthographic":false}