{"cameraMode":{"drawMode":0,"name":"Shaded","section":"Shading Mode"},"sceneLighting":true,"audioPlay":false,"sceneViewState":{"showFog":true,"showMaterialUpdate":false,"showSkybox":true,"showFlares":true,"showImageEffects":true,"showParticleSystems":true},"in2DMode":false,"pivot":{"x":1005.177001953125,"y":218.80650329589845,"z":-87.42169189453125},"rotation":{"x":-0.016809014603495599,"y":0.0035961251705884935,"z":-0.00005119563138578087,"w":-0.9998752474784851},"size":671.5609130859375,"orthographic":false}